county,snapshot_date,vbm_issued,vbm_returned,vbm_accepted,county_total_issued,county_total_returned
Alpine,2026-10-05,934,0,0,,
Amador,2026-10-05,27226,92,92,,
Calaveras,2026-10-05,32797,15,15,,
El Dorado,2026-10-05,137980,29,29,,
Inyo,2026-10-05,10949,1,1,,
Madera,2026-10-05,36041,5,5,83015,11
Mariposa,2026-10-05,11794,0,0,,
Merced,2026-10-05,13159,0,0,137421,5
Mono,2026-10-05,7979,0,0,,
Nevada,2026-10-05,12450,3,3,76982,16
Placer,2026-10-05,8545,2,2,301714,54
Stanislaus,2026-10-05,301522,43,43,,
Tuolumne,2026-10-05,36008,4,4,,
Alpine,2026-10-06,934,0,0,,
Amador,2026-10-06,27226,92,92,,
Calaveras,2026-10-06,32798,39,38,,
El Dorado,2026-10-06,137980,66,66,,
Inyo,2026-10-06,10978,1,1,,
Madera,2026-10-06,36042,5,5,83017,11
Mariposa,2026-10-06,11808,0,0,,
Merced,2026-10-06,13159,0,0,137422,5
Mono,2026-10-06,7979,0,0,,
Nevada,2026-10-06,12450,3,3,76982,16
Placer,2026-10-06,8545,2,2,301715,78
Stanislaus,2026-10-06,301522,51,51,,
Tuolumne,2026-10-06,36008,4,4,,
Alpine,2026-10-07,934,0,0,,
Amador,2026-10-07,27244,644,642,,
Calaveras,2026-10-07,33084,197,197,,
El Dorado,2026-10-07,138443,86,86,,
Inyo,2026-10-07,10978,1,1,,
Madera,2026-10-07,36042,5,5,83018,11
Mariposa,2026-10-07,11893,0,0,,
Merced,2026-10-07,13211,0,0,137968,5
Mono,2026-10-07,8002,4,4,,
Nevada,2026-10-07,12486,3,3,77200,21
Placer,2026-10-07,8560,18,18,302240,650
Stanislaus,2026-10-07,303274,51,51,,
Tuolumne,2026-10-07,36039,4,4,,
Alpine,2026-10-08,937,1,1,,
Amador,2026-10-08,27258,996,994,,
Calaveras,2026-10-08,33085,308,307,,
El Dorado,2026-10-08,138443,279,274,,
Inyo,2026-10-08,10992,4,4,,
Madera,2026-10-08,36042,9,9,83019,20
Mariposa,2026-10-08,11893,0,0,,
Merced,2026-10-08,13217,0,0,138036,5
Mono,2026-10-08,8002,4,4,,
Nevada,2026-10-08,12486,3,3,77200,21
Placer,2026-10-08,8564,56,56,302354,1986
Stanislaus,2026-10-08,303275,51,51,,
Tuolumne,2026-10-08,36039,8,8,,
Alpine,2026-10-10,937,6,6,,
Amador,2026-10-10,27278,1325,1323,,
Calaveras,2026-10-10,33110,849,841,,
El Dorado,2026-10-10,138444,2213,2203,,
Inyo,2026-10-10,10997,51,51,,
Madera,2026-10-10,36341,43,41,83706,98
Mariposa,2026-10-10,11893,0,0,,
Merced,2026-10-10,13224,1,1,138107,11
Mono,2026-10-10,8019,37,37,,
Nevada,2026-10-10,12486,4,4,77201,26
Placer,2026-10-10,8567,122,121,302480,4317
Stanislaus,2026-10-10,303497,61,61,,
Tuolumne,2026-10-10,36075,11,11,,
