snapshot_date,party,age,gender,ethnicity,issued,returned,return_rate
2026-10-07,D,1,F,A,1099,0,0.0
2026-10-07,D,1,F,B,399,0,0.0
2026-10-07,D,1,F,H,7563,0,0.0
2026-10-07,D,1,F,W,11902,3,0.000252
2026-10-07,D,1,M,A,785,0,0.0
2026-10-07,D,1,M,B,218,0,0.0
2026-10-07,D,1,M,H,4950,0,0.0
2026-10-07,D,1,M,W,7614,1,0.000131
2026-10-07,D,1,U,A,59,0,0.0
2026-10-07,D,1,U,B,7,0,0.0
2026-10-07,D,1,U,H,124,0,0.0
2026-10-07,D,1,U,W,555,0,0.0
2026-10-07,D,3,F,A,1362,2,0.001468
2026-10-07,D,3,F,B,742,0,0.0
2026-10-07,D,3,F,H,10833,0,0.0
2026-10-07,D,3,F,W,15190,4,0.000263
2026-10-07,D,3,M,A,1083,0,0.0
2026-10-07,D,3,M,B,453,0,0.0
2026-10-07,D,3,M,H,7128,0,0.0
2026-10-07,D,3,M,W,11010,8,0.000727
2026-10-07,D,3,U,A,74,0,0.0
2026-10-07,D,3,U,B,9,0,0.0
2026-10-07,D,3,U,H,38,0,0.0
2026-10-07,D,3,U,W,196,1,0.005102
2026-10-07,D,4,F,A,1779,1,0.000562
2026-10-07,D,4,F,B,756,0,0.0
2026-10-07,D,4,F,H,10494,1,9.5e-05
2026-10-07,D,4,F,W,17740,12,0.000676
2026-10-07,D,4,M,A,1579,0,0.0
2026-10-07,D,4,M,B,538,1,0.001859
2026-10-07,D,4,M,H,7842,3,0.000383
2026-10-07,D,4,M,W,12233,13,0.001063
2026-10-07,D,4,U,A,49,0,0.0
2026-10-07,D,4,U,B,2,0,0.0
2026-10-07,D,4,U,H,26,0,0.0
2026-10-07,D,4,U,W,84,0,0.0
2026-10-07,D,6,F,A,1379,1,0.000725
2026-10-07,D,6,F,B,641,0,0.0
2026-10-07,D,6,F,H,8841,5,0.000566
2026-10-07,D,6,F,W,28961,51,0.001761
2026-10-07,D,6,M,A,1312,0,0.0
2026-10-07,D,6,M,B,453,1,0.002208
2026-10-07,D,6,M,H,6982,3,0.00043
2026-10-07,D,6,M,W,19833,28,0.001412
2026-10-07,D,6,U,A,60,0,0.0
2026-10-07,D,6,U,B,2,0,0.0
2026-10-07,D,6,U,H,11,0,0.0
2026-10-07,D,6,U,W,76,0,0.0
2026-10-07,O,1,F,A,777,0,0.0
2026-10-07,O,1,F,B,355,0,0.0
2026-10-07,O,1,F,H,5315,0,0.0
2026-10-07,O,1,F,W,11842,2,0.000169
2026-10-07,O,1,M,A,1018,0,0.0
2026-10-07,O,1,M,B,279,0,0.0
2026-10-07,O,1,M,H,6034,0,0.0
2026-10-07,O,1,M,W,14036,1,7.1e-05
2026-10-07,O,1,U,A,58,0,0.0
2026-10-07,O,1,U,B,4,0,0.0
2026-10-07,O,1,U,H,168,0,0.0
2026-10-07,O,1,U,W,725,0,0.0
2026-10-07,O,3,F,A,1256,0,0.0
2026-10-07,O,3,F,B,633,0,0.0
2026-10-07,O,3,F,H,8178,2,0.000245
2026-10-07,O,3,F,W,15740,2,0.000127
2026-10-07,O,3,M,A,1444,0,0.0
2026-10-07,O,3,M,B,501,0,0.0
2026-10-07,O,3,M,H,7891,0,0.0
2026-10-07,O,3,M,W,18362,3,0.000163
2026-10-07,O,3,U,A,102,0,0.0
2026-10-07,O,3,U,B,9,0,0.0
2026-10-07,O,3,U,H,61,0,0.0
2026-10-07,O,3,U,W,293,0,0.0
2026-10-07,O,4,F,A,1602,1,0.000624
2026-10-07,O,4,F,B,502,0,0.0
2026-10-07,O,4,F,H,5581,0,0.0
2026-10-07,O,4,F,W,14870,9,0.000605
2026-10-07,O,4,M,A,1712,1,0.000584
2026-10-07,O,4,M,B,405,0,0.0
2026-10-07,O,4,M,H,5265,2,0.00038
2026-10-07,O,4,M,W,16979,13,0.000766
2026-10-07,O,4,U,A,60,0,0.0
2026-10-07,O,4,U,B,4,0,0.0
2026-10-07,O,4,U,H,29,0,0.0
2026-10-07,O,4,U,W,138,0,0.0
2026-10-07,O,6,F,A,814,0,0.0
2026-10-07,O,6,F,B,228,0,0.0
2026-10-07,O,6,F,H,2699,1,0.000371
2026-10-07,O,6,F,W,12261,21,0.001713
2026-10-07,O,6,M,A,1005,2,0.00199
2026-10-07,O,6,M,B,214,0,0.0
2026-10-07,O,6,M,H,2542,1,0.000393
2026-10-07,O,6,M,W,14011,22,0.00157
2026-10-07,O,6,U,A,50,0,0.0
2026-10-07,O,6,U,B,1,0,0.0
2026-10-07,O,6,U,H,4,0,0.0
2026-10-07,O,6,U,W,79,0,0.0
2026-10-07,R,1,F,A,337,0,0.0
2026-10-07,R,1,F,B,188,0,0.0
2026-10-07,R,1,F,H,2235,0,0.0
2026-10-07,R,1,F,W,9202,1,0.000109
2026-10-07,R,1,M,A,580,0,0.0
2026-10-07,R,1,M,B,190,0,0.0
2026-10-07,R,1,M,H,3960,0,0.0
2026-10-07,R,1,M,W,13977,5,0.000358
2026-10-07,R,1,U,A,29,0,0.0
2026-10-07,R,1,U,B,4,0,0.0
2026-10-07,R,1,U,H,66,0,0.0
2026-10-07,R,1,U,W,390,0,0.0
2026-10-07,R,3,F,A,888,0,0.0
2026-10-07,R,3,F,B,610,0,0.0
2026-10-07,R,3,F,H,6465,2,0.000309
2026-10-07,R,3,F,W,19287,4,0.000207
2026-10-07,R,3,M,A,982,0,0.0
2026-10-07,R,3,M,B,415,0,0.0
2026-10-07,R,3,M,H,7403,2,0.00027
2026-10-07,R,3,M,W,22436,6,0.000267
2026-10-07,R,3,U,A,46,0,0.0
2026-10-07,R,3,U,B,2,0,0.0
2026-10-07,R,3,U,H,35,0,0.0
2026-10-07,R,3,U,W,192,0,0.0
2026-10-07,R,4,F,A,1432,0,0.0
2026-10-07,R,4,F,B,745,0,0.0
2026-10-07,R,4,F,H,7021,1,0.000142
2026-10-07,R,4,F,W,27510,14,0.000509
2026-10-07,R,4,M,A,1421,0,0.0
2026-10-07,R,4,M,B,656,0,0.0
2026-10-07,R,4,M,H,6846,0,0.0
2026-10-07,R,4,M,W,30475,21,0.000689
2026-10-07,R,4,U,A,40,0,0.0
2026-10-07,R,4,U,H,8,0,0.0
2026-10-07,R,4,U,W,116,0,0.0
2026-10-07,R,6,F,A,1083,0,0.0
2026-10-07,R,6,F,B,654,1,0.001529
2026-10-07,R,6,F,H,5048,3,0.000594
2026-10-07,R,6,F,W,34843,40,0.001148
2026-10-07,R,6,M,A,1036,0,0.0
2026-10-07,R,6,M,B,565,1,0.00177
2026-10-07,R,6,M,H,4608,6,0.001302
2026-10-07,R,6,M,W,34810,43,0.001235
2026-10-07,R,6,U,A,27,0,0.0
2026-10-07,R,6,U,B,1,0,0.0
2026-10-07,R,6,U,H,7,0,0.0
2026-10-07,R,6,U,W,99,0,0.0
