county,vbm_issued_total,vbm_returned_total,vbm_accepted_total,vbm_issued_sd4,vbm_returned_sd4,vbm_accepted_sd4
Alpine,932,488,487,932,488,487
Amador,26617,12329,12293,26617,12329,12293
Calaveras,32568,12562,12475,32568,12562,12475
El Dorado,140454,51141,50847,140454,51141,50847
Inyo,10871,3082,3069,10871,3082,3069
Madera,73503,19261,19121,31911,8362,8311
Mariposa,11712,4723,4709,11712,4723,4709
Merced,126636,24527,24111,12126,2349,2310
Mono,7822,2198,2096,7822,2198,2096
Nevada,75462,28557,28423,12205,4619,4597
Placer,281986,84206,62992,7987,2385,1784
Stanislaus,284440,61476,60344,284440,61476,60344
Tuolumne,35848,13765,13677,35848,13765,13677
